Workbook

Sheet Model
A1: Inventory Management Decision Model (EOQ) - Part I
A3: Data, Uncontrollable Inputs & Model Parameters
A4: Annual Demand (D, units) | B4: 15000 | C4: units/yr
A5: Unit Cost (C, $/unit) | B5: 80 | C5: $/unit
A6: Holding Cost Rate (i) | B6: 0.18 | C6: of unit value
A7: Ordering Cost (S, $/order) | B7: 220 | C7: $/order
A8: Holding Cost per Unit (H = i x C) | B8: =B6*B5 -> 14.4 | C8: $/unit/yr
A11: Decision Variable
A12: Order Quantity (Q, units) | B12: 677.00319
A14: Model Outputs (Mathematical Functions)
A15: Annual Ordering Cost = (D / Q) x S | B15: =(B4/B12)*B7 -> 4874.4231
A16: Annual Holding Cost = (Q / 2) x H | B16: =(B12/2)*B8 -> 4874.423
A17: TOTAL ANNUAL COST (objective) | B17: =B15+B16 -> 9748.8461
A18: Annual Number of Orders = D / Q | B18: =B4/B12 -> 22.156469
A21: Closed-form Reference (for verification)
A22: EOQ = SQRT(2 x D x S / H) | B22: =SQRT(2*B4*B7/B8) -> 677.0032
A23: Total Cost at EOQ = SQRT(2 x D x S x H) | B23: =SQRT(2*B4*B7*B8) -> 9748.8461
A26: Solver instructions:
A27: 1. Open Data tab > Solver (enable via File > Options > Add-ins if needed).
A28: 2. Set Objective: $B$17 | To: Min | By Changing Variable Cells: $B$12
A29: 3. Solving Method: GRG Nonlinear. Add constraint $B$12 >= 1 if desired.
A30: 4. Solve. The optimal Q matches the EOQ in B22 (~677) and Total Cost in B23.

Sheet Data Table
A1: Part I (4): Data Table - Total Cost vs Order Quantity
A3: Order Quantity (Q) | B3: Ordering Cost | C3: Holding Cost | D3: Total Cost
A4: 100 | B4: =(Model!$B$4/A4)*Model!$B$7 -> 33000 | C4: =(A4/2)*Model!$B$8 -> 720 | D4: =B4+C4 -> 33720
A5: 150 | B5: =(Model!$B$4/A5)*Model!$B$7 -> 22000 | C5: =(A5/2)*Model!$B$8 -> 1080 | D5: =B5+C5 -> 23080
A6: 200 | B6: =(Model!$B$4/A6)*Model!$B$7 -> 16500 | C6: =(A6/2)*Model!$B$8 -> 1440 | D6: =B6+C6 -> 17940
A7: 250 | B7: =(Model!$B$4/A7)*Model!$B$7 -> 13200 | C7: =(A7/2)*Model!$B$8 -> 1800 | D7: =B7+C7 -> 15000
A8: 300 | B8: =(Model!$B$4/A8)*Model!$B$7 -> 11000 | C8: =(A8/2)*Model!$B$8 -> 2160 | D8: =B8+C8 -> 13160
A9: 350 | B9: =(Model!$B$4/A9)*Model!$B$7 -> 9428.5714 | C9: =(A9/2)*Model!$B$8 -> 2520 | D9: =B9+C9 -> 11948.571
A10: 400 | B10: =(Model!$B$4/A10)*Model!$B$7 -> 8250 | C10: =(A10/2)*Model!$B$8 -> 2880 | D10: =B10+C10 -> 11130
A11: 450 | B11: =(Model!$B$4/A11)*Model!$B$7 -> 7333.3333 | C11: =(A11/2)*Model!$B$8 -> 3240 | D11: =B11+C11 -> 10573.333
A12: 500 | B12: =(Model!$B$4/A12)*Model!$B$7 -> 6600 | C12: =(A12/2)*Model!$B$8 -> 3600 | D12: =B12+C12 -> 10200
A13: 550 | B13: =(Model!$B$4/A13)*Model!$B$7 -> 6000 | C13: =(A13/2)*Model!$B$8 -> 3960 | D13: =B13+C13 -> 9960
A14: 600 | B14: =(Model!$B$4/A14)*Model!$B$7 -> 5500 | C14: =(A14/2)*Model!$B$8 -> 4320 | D14: =B14+C14 -> 9820
A15: 650 | B15: =(Model!$B$4/A15)*Model!$B$7 -> 5076.9231 | C15: =(A15/2)*Model!$B$8 -> 4680 | D15: =B15+C15 -> 9756.9231
... A32: 1500 | B32: =(Model!$B$4/A32)*Model!$B$7 -> 2200 | C32: =(A32/2)*Model!$B$8 -> 10800 | D32: =B32+C32 -> 13000
A34: Minimum Total Cost = | D34: =MIN(D4:D32) -> 9754.2857
A35: Approx. Optimal Q (smallest cost) = | D35: =INDEX(A4:A32,MATCH(MIN(D4:D32),D4:D32,0)) -> 700

Sheet Sensitivity
A1: Part I (7): Two-Way What-If Analysis
A2: Sensitivity of the MINIMUM total cost to Ordering Cost (S) and Holding Rate (i).
A4: Minimum Total Cost ($)
A5: S \ i | B5: 0.1 | C5: 0.14 | D5: 0.18 | E5: 0.22 | F5: 0.26
A6: 150 | B6: =SQRT(2*Model!$B$4*$A6*(B5*Model!$B$5)) -> 6000 | C6: =SQRT(2*Model!$B$4*$A6*(C5*Model!$B$5)) -> 7099.2957 | D6: =SQRT(2*Model!$B$4*$A6*(D5*Model!$B$5)) -> 8049.8447 | E6: =SQRT(2*Model!$B$4*$A6*(E5*Model!$B$5)) -> 8899.4382 | F6: =SQRT(2*Model!$B$4*$A6*(F5*Model!$B$5)) -> 9674.7093
A7: 175 | B7: =SQRT(2*Model!$B$4*$A7*(B5*Model!$B$5)) -> 6480.7407 | C7: =SQRT(2*Model!$B$4*$A7*(C5*Model!$B$5)) -> 7668.1158 | D7: =SQRT(2*Model!$B$4*$A7*(D5*Model!$B$5)) -> 8694.826 | E7: =SQRT(2*Model!$B$4*$A7*(E5*Model!$B$5)) -> 9612.4919 | F7: =SQRT(2*Model!$B$4*$A7*(F5*Model!$B$5)) -> 10449.88
A8: 200 | B8: =SQRT(2*Model!$B$4*$A8*(B5*Model!$B$5)) -> 6928.2032 | C8: =SQRT(2*Model!$B$4*$A8*(C5*Model!$B$5)) -> 8197.5606 | D8: =SQRT(2*Model!$B$4*$A8*(D5*Model!$B$5)) -> 9295.16 | E8: =SQRT(2*Model!$B$4*$A8*(E5*Model!$B$5)) -> 10276.186 | F8: =SQRT(2*Model!$B$4*$A8*(F5*Model!$B$5)) -> 11171.392
A9: 220 | B9: =SQRT(2*Model!$B$4*$A9*(B5*Model!$B$5)) -> 7266.3608 | C9: =SQRT(2*Model!$B$4*$A9*(C5*Model!$B$5)) -> 8597.6741 | D9: =SQRT(2*Model!$B$4*$A9*(D5*Model!$B$5)) -> 9748.8461 | E9: =SQRT(2*Model!$B$4*$A9*(E5*Model!$B$5)) -> 10777.755 | F9: =SQRT(2*Model!$B$4*$A9*(F5*Model!$B$5)) -> 11716.655
A10: 250 | B10: =SQRT(2*Model!$B$4*$A10*(B5*Model!$B$5)) -> 7745.9667 | C10: =SQRT(2*Model!$B$4*$A10*(C5*Model!$B$5)) -> 9165.1514 | D10: =SQRT(2*Model!$B$4*$A10*(D5*Model!$B$5)) -> 10392.305 | E10: =SQRT(2*Model!$B$4*$A10*(E5*Model!$B$5)) -> 11489.125 | F10: =SQRT(2*Model!$B$4*$A10*(F5*Model!$B$5)) -> 12489.996
A11: 275 | B11: =SQRT(2*Model!$B$4*$A11*(B5*Model!$B$5)) -> 8124.0384 | C11: =SQRT(2*Model!$B$4*$A11*(C5*Model!$B$5)) -> 9612.4919 | D11: =SQRT(2*Model!$B$4*$A11*(D5*Model!$B$5)) -> 10899.541 | E11: =SQRT(2*Model!$B$4*$A11*(E5*Model!$B$5)) -> 12049.896 | F11: =SQRT(2*Model!$B$4*$A11*(F5*Model!$B$5)) -> 13099.618
A12: 300 | B12: =SQRT(2*Model!$B$4*$A12*(B5*Model!$B$5)) -> 8485.2814 | C12: =SQRT(2*Model!$B$4*$A12*(C5*Model!$B$5)) -> 10039.92 | D12: =SQRT(2*Model!$B$4*$A12*(D5*Model!$B$5)) -> 11384.2 | E12: =SQRT(2*Model!$B$4*$A12*(E5*Model!$B$5)) -> 12585.706 | F12: =SQRT(2*Model!$B$4*$A12*(F5*Model!$B$5)) -> 13682.105
A14: Optimal Order Quantity (units)
A15: S \ i | B15: 0.1 | C15: 0.14 | D15: 0.18 | E15: 0.22 | F15: 0.26
A16: 150 | B16: =SQRT(2*Model!$B$4*$A16/(B15*Model!$B$5)) -> 750 | C16: =SQRT(2*Model!$B$4*$A16/(C15*Model!$B$5)) -> 633.86569 | D16: =SQRT(2*Model!$B$4*$A16/(D15*Model!$B$5)) -> 559.01699 | E16: =SQRT(2*Model!$B$4*$A16/(E15*Model!$B$5)) -> 505.6499 | F16: =SQRT(2*Model!$B$4*$A16/(F15*Model!$B$5)) -> 465.13025
A17: 175 | B17: =SQRT(2*Model!$B$4*$A17/(B15*Model!$B$5)) -> 810.09259 | C17: =SQRT(2*Model!$B$4*$A17/(C15*Model!$B$5)) -> 684.6532 | D17: =SQRT(2*Model!$B$4*$A17/(D15*Model!$B$5)) -> 603.80736 | E17: =SQRT(2*Model!$B$4*$A17/(E15*Model!$B$5)) -> 546.16431 | F17: =SQRT(2*Model!$B$4*$A17/(F15*Model!$B$5)) -> 502.3981
A18: 200 | B18: =SQRT(2*Model!$B$4*$A18/(B15*Model!$B$5)) -> 866.0254 | C18: =SQRT(2*Model!$B$4*$A18/(C15*Model!$B$5)) -> 731.92505 | D18: =SQRT(2*Model!$B$4*$A18/(D15*Model!$B$5)) -> 645.49722 | E18: =SQRT(2*Model!$B$4*$A18/(E15*Model!$B$5)) -> 583.87421 | F18: =SQRT(2*Model!$B$4*$A18/(F15*Model!$B$5)) -> 537.08616
A19: 220 | B19: =SQRT(2*Model!$B$4*$A19/(B15*Model!$B$5)) -> 908.29511 | C19: =SQRT(2*Model!$B$4*$A19/(C15*Model!$B$5)) -> 767.64947 | D19: =SQRT(2*Model!$B$4*$A19/(D15*Model!$B$5)) -> 677.0032 | E19: =SQRT(2*Model!$B$4*$A19/(E15*Model!$B$5)) -> 612.37244 | F19: =SQRT(2*Model!$B$4*$A19/(F15*Model!$B$5)) -> 563.30071
A20: 250 | B20: =SQRT(2*Model!$B$4*$A20/(B15*Model!$B$5)) -> 968.24584 | C20: =SQRT(2*Model!$B$4*$A20/(C15*Model!$B$5)) -> 818.31709 | D20: =SQRT(2*Model!$B$4*$A20/(D15*Model!$B$5)) -> 721.68784 | E20: =SQRT(2*Model!$B$4*$A20/(E15*Model!$B$5)) -> 652.79121 | F20: =SQRT(2*Model!$B$4*$A20/(F15*Model!$B$5)) -> 600.48058
A21: 275 | B21: =SQRT(2*Model!$B$4*$A21/(B15*Model!$B$5)) -> 1015.5048 | C21: =SQRT(2*Model!$B$4*$A21/(C15*Model!$B$5)) -> 858.2582 | D21: =SQRT(2*Model!$B$4*$A21/(D15*Model!$B$5)) -> 756.91259 | E21: =SQRT(2*Model!$B$4*$A21/(E15*Model!$B$5)) -> 684.6532 | F21: =SQRT(2*Model!$B$4*$A21/(F15*Model!$B$5)) -> 629.78934
A22: 300 | B22: =SQRT(2*Model!$B$4*$A22/(B15*Model!$B$5)) -> 1060.6602 | C22: =SQRT(2*Model!$B$4*$A22/(C15*Model!$B$5)) -> 896.42146 | D22: =SQRT(2*Model!$B$4*$A22/(D15*Model!$B$5)) -> 790.56942 | E22: =SQRT(2*Model!$B$4*$A22/(E15*Model!$B$5)) -> 715.09694 | F22: =SQRT(2*Model!$B$4*$A22/(F15*Model!$B$5)) -> 657.79351
